{"cameraMode":{"drawMode":0,"name":"Shaded","section":"Shading Mode"},"sceneLighting":true,"audioPlay":false,"sceneViewState":{"m_AlwaysRefresh":false,"showFog":true,"showSkybox":true,"showFlares":true,"showImageEffects":true,"showParticleSystems":true,"showVisualEffectGraphs":true,"m_FxEnabled":true},"in2DMode":false,"pivot":{"x":0.4150111675262451,"y":-19.55084228515625,"z":10.265002250671387},"rotation":{"x":0.6899340748786926,"y":-0.001085769385099411,"z":0.0010349861113354564,"w":0.7238718271255493},"size":30.923442840576173,"orthographic":true}