{"cameraMode":{"drawMode":0,"name":"Shaded","section":"Shading Mode"},"sceneLighting":true,"audioPlay":false,"sceneViewState":{"m_AlwaysRefresh":false,"showFog":true,"showSkybox":true,"showFlares":true,"showImageEffects":true,"showParticleSystems":true,"showVisualEffectGraphs":true,"m_FxEnabled":true},"in2DMode":false,"pivot":{"x":19.975486755371095,"y":2.2711329460144045,"z":0.0000026226043701171877},"rotation":{"x":0.013689062558114529,"y":-0.6891651153564453,"z":0.013027425855398178,"w":0.7243669033050537},"size":47.18592071533203,"orthographic":true}