{"cameraMode":{"drawMode":0,"name":"Shaded","section":"Shading Mode"},"sceneLighting":true,"audioPlay":false,"sceneViewState":{"m_AlwaysRefresh":false,"showFog":true,"showSkybox":true,"showFlares":true,"showImageEffects":true,"showParticleSystems":true,"showVisualEffectGraphs":true,"m_FxEnabled":true},"in2DMode":false,"pivot":{"x":19.975486755371095,"y":2.2711329460144045,"z":0.0000026226043701171877},"rotation":{"x":0.13544636964797975,"y":0.022291094064712526,"z":-0.0030480376444756986,"w":0.9905328154563904},"size":27.31240463256836,"orthographic":true}