{"cameraMode":{"drawMode":0,"name":"Shaded","section":"Shading Mode"},"sceneLighting":true,"audioPlay":false,"sceneViewState":{"m_AlwaysRefresh":false,"showFog":true,"showSkybox":true,"showFlares":true,"showImageEffects":true,"showParticleSystems":true,"showVisualEffectGraphs":true,"m_FxEnabled":true},"in2DMode":false,"pivot":{"x":-1.7997877597808838,"y":-11.805229187011719,"z":20.380531311035158},"rotation":{"x":0.49805814027786257,"y":-0.010405203327536583,"z":0.005977001506835222,"w":0.8670612573623657},"size":37.833065032958987,"orthographic":false}