{"cameraMode":{"drawMode":0,"name":"Shaded","section":"Shading Mode"},"sceneLighting":true,"audioPlay":false,"sceneViewState":{"m_AlwaysRefresh":false,"showFog":true,"showSkybox":true,"showFlares":true,"showImageEffects":true,"showParticleSystems":true,"showVisualEffectGraphs":true,"m_FxEnabled":true},"in2DMode":false,"pivot":{"x":-3.143622398376465,"y":12.604438781738282,"z":15.016409873962403},"rotation":{"x":0.09077143669128418,"y":-0.0059751467779278759,"z":0.0005454386118799448,"w":0.9958553910255432},"size":31.354141235351564,"orthographic":true}