{"cameraMode":{"drawMode":0,"name":"Shaded","section":"Shading Mode"},"sceneLighting":true,"audioPlay":false,"sceneViewState":{"m_AlwaysRefresh":false,"showFog":true,"showSkybox":true,"showFlares":true,"showImageEffects":true,"showParticleSystems":true,"showVisualEffectGraphs":true,"m_FxEnabled":true},"in2DMode":false,"pivot":{"x":-5.363926887512207,"y":2.4891469478607179,"z":13.251276969909668},"rotation":{"x":0.6701403856277466,"y":-0.0011133477091789246,"z":0.0010052330326288939,"w":0.7422343492507935},"size":41.8926887512207,"orthographic":true}