{"cameraMode":{"drawMode":0,"name":"Shaded","section":"Shading Mode"},"sceneLighting":true,"audioPlay":false,"sceneViewState":{"m_AlwaysRefresh":false,"showFog":true,"showSkybox":true,"showFlares":true,"showImageEffects":true,"showParticleSystems":true,"showVisualEffectGraphs":true,"m_FxEnabled":true},"in2DMode":false,"pivot":{"x":8.134650230407715,"y":5.697965145111084,"z":0.5325183868408203},"rotation":{"x":-0.031804103404283527,"y":0.0020962110720574857,"z":-0.00006680657679680735,"w":-0.999492347240448},"size":8.551841735839844,"orthographic":false}