{"cameraMode":{"drawMode":0,"name":"Shaded","section":"Shading Mode"},"sceneLighting":true,"audioPlay":false,"sceneViewState":{"m_AlwaysRefresh":false,"showFog":true,"showSkybox":true,"showFlares":true,"showImageEffects":true,"showParticleSystems":true,"showVisualEffectGraphs":true,"m_FxEnabled":true},"in2DMode":false,"pivot":{"x":11.664156913757325,"y":8.129364013671875,"z":-1.7133865356445313},"rotation":{"x":-0.10660660266876221,"y":-0.0008978457772172988,"z":0.00009618183685233817,"w":-0.9943013787269592},"size":27.5520076751709,"orthographic":false}