{"cameraMode":{"drawMode":0,"name":"Shaded","section":"Shading Mode"},"sceneLighting":true,"audioPlay":false,"sceneViewState":{"m_AlwaysRefresh":false,"showFog":true,"showSkybox":true,"showFlares":true,"showImageEffects":true,"showParticleSystems":true,"showVisualEffectGraphs":true,"m_FxEnabled":true},"in2DMode":false,"pivot":{"x":0.1798698902130127,"y":-0.14167332649230958,"z":-0.06722259521484375},"rotation":{"x":-0.08908765017986298,"y":0.9049897193908691,"z":-0.2347579002380371,"w":-0.34343215823173525},"size":15.334649085998536,"orthographic":false}