{"cameraMode":{"drawMode":0,"name":"Shaded","section":"Shading Mode"},"sceneLighting":true,"audioPlay":false,"sceneViewState":{"m_AlwaysRefresh":false,"showFog":true,"showSkybox":true,"showFlares":true,"showImageEffects":true,"showParticleSystems":true,"showVisualEffectGraphs":true,"m_FxEnabled":true},"in2DMode":false,"pivot":{"x":1.1920928955078126e-7,"y":2.268474578857422,"z":0.7877182960510254},"rotation":{"x":0.12923619151115418,"y":-0.18770304322242738,"z":0.02492213249206543,"w":0.973369836807251},"size":37.996856689453128,"orthographic":true}