{"cameraMode":{"drawMode":0,"name":"Shaded","section":"Shading Mode"},"sceneLighting":true,"audioPlay":false,"sceneViewState":{"m_AlwaysRefresh":false,"showFog":true,"showSkybox":true,"showFlares":true,"showImageEffects":true,"showParticleSystems":true,"showVisualEffectGraphs":true,"m_FxEnabled":true},"in2DMode":false,"pivot":{"x":8.414594650268555,"y":5.180469036102295,"z":-0.7994489669799805},"rotation":{"x":-0.0033088941127061846,"y":-0.020400820299983026,"z":0.0000696007045917213,"w":-0.9997928142547607},"size":5.930525302886963,"orthographic":false}