{"cameraMode":{"drawMode":0,"name":"Shaded","section":"Shading Mode"},"sceneLighting":true,"audioPlay":false,"sceneViewState":{"m_AlwaysRefresh":false,"showFog":true,"showSkybox":true,"showFlares":true,"showImageEffects":true,"showParticleSystems":true,"showVisualEffectGraphs":true,"m_FxEnabled":true},"in2DMode":false,"pivot":{"x":23.364614486694337,"y":-0.033574461936950687,"z":1.1475884914398194},"rotation":{"x":-0.1442369967699051,"y":0.26572829484939577,"z":-0.04024006053805351,"w":-0.9523564577102661},"size":2.6488380432128908,"orthographic":false}