{"cameraMode":{"drawMode":0,"name":"Shaded","section":"Shading Mode"},"sceneLighting":true,"audioPlay":false,"sceneViewState":{"m_AlwaysRefresh":false,"showFog":true,"showSkybox":true,"showFlares":true,"showImageEffects":true,"showParticleSystems":true,"showVisualEffectGraphs":true,"m_FxEnabled":true},"in2DMode":false,"pivot":{"x":14.714459419250489,"y":7.192902088165283,"z":-13.83057975769043},"rotation":{"x":-0.02278718166053295,"y":0.04257408156991005,"z":-0.0009690017905086279,"w":-0.9988391995429993},"size":2.321089506149292,"orthographic":false}