{"cameraMode":{"drawMode":0,"name":"Shaded","section":"Shading Mode"},"sceneLighting":true,"audioPlay":false,"sceneViewState":{"m_AlwaysRefresh":false,"showFog":true,"showSkybox":true,"showFlares":true,"showImageEffects":true,"showParticleSystems":true,"showVisualEffectGraphs":true,"m_FxEnabled":true},"in2DMode":false,"pivot":{"x":12.007110595703125,"y":4.256922721862793,"z":11.272258758544922},"rotation":{"x":-0.07074727118015289,"y":-0.009877234697341919,"z":0.0007028372492641211,"w":-0.9974495768547058},"size":12.817826271057129,"orthographic":false}