{"cameraMode":{"drawMode":0,"name":"Shaded","section":"Shading Mode"},"sceneLighting":true,"audioPlay":false,"sceneViewState":{"m_AlwaysRefresh":false,"showFog":true,"showSkybox":true,"showFlares":true,"showImageEffects":true,"showParticleSystems":true,"showVisualEffectGraphs":true,"m_FxEnabled":true},"in2DMode":false,"pivot":{"x":-0.07631318271160126,"y":4.931155204772949,"z":-0.6690207123756409},"rotation":{"x":0.1864738166332245,"y":-0.20837000012397767,"z":0.04050594940781593,"w":0.9592538475990295},"size":8.318324089050293,"orthographic":true}